channel_title,avg_views,video_count
ChildishGambinoVEVO,31648454,1
DrakeVEVO,24421448,1
FoxStarHindi,21198722,2
Kylie Jenner,20921796,1
David Dobrik,16884972,1
jypentertainment,12479557,7
ibighit,12245039,8
Ed Sheeran,10890771,5
Logan Paul Vlogs,10698617,4
Intuit,10008678,1
JenniferLopezVEVO,9548677,1
Dude Perfect,9002021,12
YouTube Spotlight,8730781,3
Calvin Klein,8532222,1
Global Road Entertainment,8244248,1
TheWeekndVEVO,7831865,1
TaylorSwiftVEVO,7682388,4
Blossom,7566372,1
John Lewis,7224515,1
BeckyGVEVO,6978753,1
Conor Maynard,6952956,1
ZaynVEVO,6760045,2
Clash of Clans,6173038,1
Sony Pictures Entertainment,6144295,8
J. Cole,6045117,1
ArianaGrandeVevo,5866985,3
How It Should Have Ended,5590430,1
Collins Key,5275682,1
Clash Royale,5203755,2
HarryStylesVEVO,5114138,2
Marvel Entertainment,5010714,16
The ACE Family,4990782,1
EminemVEVO,4920851,1
Vevo,4866576,1
OVO Sound,4569886,1
PewDiePie,4523214,1
Apple,4509129,3
WINNER,4443529,1
Lele Pons,4304400,8
NickyJamTV,4276470,2
Bethesda Softworks,4239111,1
Cardi B,4223448,2
TRYANGLE FILMS,4196683,1
Call of Duty,4104360,2
JayRockVEVO,4014741,1
Mason Ramsey,3961637,1
5-Minute Crafts,3907732,3
Primitive Survival Tool,3895714,2
Mnet K-POP,3853250,2
Disney•Pixar,3761679,3
DreamWorksTV,3733256,1
Coachella,3598220,1
SiaVEVO,3578666,3
The Action Lab,3563379,4
MGM,3543813,1
FifthHarmonyVEVO,3539843,1
CelineDionVEVO,3533914,1
TheAngryGrandpaShow,3531622,2
Gorillaz,3490465,1
gameslice,3483553,1
How Ridiculous,3377833,4
Walt Disney Animation Studios,3246662,2
The Weeknd,3233699,1
Lucas and Marcus,3212765,2
Bud Light,3199087,1
Paramount Pictures,3150119,7
Primitive Technology,3144759,3
MLG Highlights,3125635,8
jacksepticeye,3102031,2
nigahiga,3088978,6
SpaceX,3084044,4
videogamedunkey,3074397,2
shane,3041770,2
Super Netvid,3014847,1
Universal Pictures,3004367,14
CamilaCabelloVEVO,2873757,4
BackstreetBoysVEVO,2822391,1
Troom Troom,2795627,2
PressTube,2793456,2
20th Century Fox,2787022,16
Andre Will Do It,2769297,1
BANGTANTV,2745464,4
Liza Koshy,2735054,6
Chris Rosa,2729389,1
TWICE JAPAN OFFICIAL YouTube Channel,2721293,1
Ben Kronengold,2711851,1
Safiya Nygaard,2706939,17
Queen Naija,2699316,3
BLACKPINK,2638161,1
OK Go,2618344,1
America's Got Talent,2605130,3
KendrickLamarVEVO,2592084,5
Wouldn't Change a Thing,2583247,1
GEazyMusicVEVO,2563426,4
JonTronShow,2519348,1
Maroon5VEVO,2476053,3
Battlefield,2474393,1
New Amsterdam,2469801,1
PetaPixel,2457408,1
Dragonfoxgirl,2448025,1
Brat,2437554,1
MBCentertainment,2415639,1
BostonDynamics,2408152,4
LastWeekTonight,2403971,4
LiamPayneVEVO,2394224,2
FiftyShadesVEVO,2393825,1
Hulu,2389977,6
amazon,2376600,2
Unbox Therapy,2357982,7
Jaiden Animations,2350534,5
MrBeast,2348594,1
Jake Paul,2329992,2
Lil Wayne,2313884,1
Lionsgate Movies,2286260,5
Liverpool FC,2266235,1
Tiffany Day,2239777,1
Vat19,2227658,1
Ariana Grande`,2208587,1
CalvinHarrisVEVO,2204031,2
Cobra Kai,2188261,3
justintimberlakeVEVO,2156592,6
FailArmy,2154298,1
FamilyFeud,2106397,1
Fortnite,2080488,2
Sidemen,2072042,2
Manifest,2061448,1
Shawn Mendes,2054359,4
Pepsi,2047212,2
Britain's Got Talent,2026491,9
RiceGum,2016536,1
Liza Koshy Too,1997859,3
Manny Mua,1983832,2
TMZSports,1982776,2
Adult Swim,1980168,1
HALO,1969012,1
HowToBasic,1966278,2
Simply Nailogical,1961950,12
PHP,1959044,1
Warner Bros. Pictures,1949605,22
The Game Theorists,1945381,5
sWooZie,1931851,1
The Film Theorists,1910895,11
Science Magazine,1890582,1
Marshmello,1886261,3
Shay Mitchell,1885595,2
The New Yorker,1883102,2
Samsung,1868552,1
Diplo,1857404,4
JennaMarbles,1837717,4
ABC News (Australia),1831122,2
Whistle Sports,1820947,1
RomanAtwoodVlogs,1814500,2
Budweiser,1814436,2
Tanner Braungardt,1803724,1
Kurzgesagt – In a Nutshell,1795404,9
WWE,1788305,34
CBS Films,1786869,1
NFVEVO,1774018,1
jeffreestar,1759793,3
Daniel Howell,1757966,1
Zero Media,1751064,1
Alesso,1747740,1
Lucas the Spider,1736791,5
Michael Dapaah,1721960,2
BuzzFeed Celeb,1718991,5
Boldly,1710860,5
Domics,1709026,6
Adam Smith,1697125,1
Pinball Wiz,1692774,1
Disney Movie Trailers,1682290,7
Beyonce,1671461,1
Gordon Ramsay,1666250,2
UMF TV,1648886,1
NikkieTutorials,1646072,12
League of Legends,1644037,1
Bad Lip Reading,1641180,8
adidas Football,1624478,1
AsapSCIENCE,1617297,13
KatyPerryVEVO,1608831,2
CaseyNeistat,1602609,12
ShawnMendesVEVO,1599466,5
Beats by Dre,1590675,2
Jason Derulo,1573905,3
Rudy Mancuso,1566377,7
Ram Trucks,1534871,2
Daily Dose Of Internet,1527775,4
Reaction Time,1523626,1
James Charles,1521078,14
Lil Peep,1514148,1
MasterClass,1513004,1
Anthem Game,1504564,1
Legendary,1500108,1
Star Wars,1495182,14
Hometalk,1489944,1
Mark Rober,1487690,4
"But First, Coffee",1485647,1
A Chick Called Albert,1481728,1
SZAVEVO,1466428,3
MITCHELL WIGGS,1458959,1
dope2111,1456472,1
Philip DeFranco,1454892,2
Discovery UK,1438954,2
Rita Ora,1430352,2
Prime Video,1421492,1
Martin Garrix,1418342,1
Matt Stonie,1415734,6
FaZe Rug,1403514,5
CinemaSins,1400726,14
Dobre Brothers,1400683,1
Dale Dai,1392244,1
DanTDM,1380723,3
The Royal Family,1379675,1
Saturday Night Live,1375285,33
Focus Features,1351522,7
Hannah Stocking,1334770,11
Land Rover,1333918,1
PinkVEVO,1329093,2
Nerdist,1325522,2
Verizon,1321193,2
FOX 17 WXMI,1319265,1
RedCurtainEnt,1314250,1
FBE,1311762,23
ChainsmokersVEVO,1308915,5
ImagineDragonsVEVO,1306700,5
STX Entertainment,1301666,2
The Slow Mo Guys,1291600,18
Ben Katz,1290657,1
SMTOWN,1289075,6
Noah Nicholls,1288977,1
thegameawards,1287342,1
Gabbie Hanna,1271535,4
radiodisney,1267263,1
BellatorMMA,1249702,1
CAguileraVEVO,1249593,2
Niki and Gabi,1234198,2
Open Road Films,1216410,1
Ryland Adams,1208190,2
IISuperwomanII,1205880,18
Marques Brownlee,1203898,16
Gerry Litwin,1202896,1
Charlie Puth,1195793,9
Casually Explained,1173714,2
grav3yardgirl,1168504,4
miniminter,1160074,1
Charlie Corts,1158470,1
Natalies Outlet,1151244,2
Daily Caller,1142585,1
Blonded,1137333,1
RackaRacka,1133142,1
Inanna Sarkis,1129548,2
Sam Chui,1126715,1
Foot Locker,1120841,1
Screen Junkies,1120809,23
DemiLovatoVEVO,1118830,2
That Japanese Man Yuta,1111674,1
Team Edge,1108443,6
Karina Garcia,1102666,2
AmazingPhil,1099200,3
ESPN UK,1099132,1
Rachel and Jun,1098897,1
British Vogue,1092534,1
DuckSoss,1089884,1
HalseyVEVO,1089519,1
The Late Late Show with James Corden,1087354,43
Bkav Corp,1080230,1
TechRax,1076049,3
ABC Television Network,1075313,4
AlishaMarie,1075018,4
American Idol,1065063,13
1theK (원더케이),1063552,1
Janelle Monáe,1060516,5
The 1975,1053884,1
Kingdom Hearts,1052924,1
ThirtySecondsToMarsVEVO,1052582,2
Annapurna Channel,1050725,1
Wengie,1048933,1
Shyrynne,1035381,1
Carter Sharer,1034432,1
joyner lucas,1032297,1
JunsKitchen,1014481,4
Nick Ramos,994747,1
TinasheOfficialVEVO,992245,3
Guava Juice,991869,9
FoundFlix,990404,1
HollywoodLife,990382,2
TheEllenShow,989501,72
jacksfilms,988030,18
Bethany Mota,987801,1
Kitchen Nightmares,987234,4
LouisTomlinsonVEVO,985998,1
PlayOverwatch,985287,3
Smosh,983857,14
The 2x Family,983779,1
bill wurtz,978956,2
Studio MDHR,978409,1
Linus Tech Tips,975268,7
ThatcherJoe,971574,1
WatchMojo.com,968378,1
Hayley Kiyoko,966029,1
Tanner Fox,963212,1
Jess Conte,958445,1
Gatorade,957603,1
Mike Austin,953860,1
Oscars,952863,1
Microsoft Surface,949030,1
DIY Perks,947071,1
Anna Saccone,944695,1
The Graham Norton Show,943100,15
PlayStation,938603,1
Turkish Airlines,936185,1
Ben Pluimer,931830,1
Dorkly,931112,1
Jimmy Kimmel Live,928588,67
杰威爾音樂 JVR Music,916128,1
Real Madrid C.F.,915989,1
BMW USA,907516,1
Zebra Corner,902301,1
colinfurze,897166,7
Max Joseph,895352,1
BBC Music,893462,1
Dolan Twins,891912,1
Brave Wilderness,889429,9
ExplosmEntertainment,884363,12
mariahxlambily,878841,1
The Sims,875878,1
KBAK - KBFX - Eyewitness News - BakersfieldNow,875327,1
LaurDIY,871713,5
Snapchat,867588,1
SamSmithWorldVEVO,866778,3
Prince,866303,1
Matthias,860547,7
Carrie Underwood,859034,1
Davie504,858447,3
TechSmartt,857625,3
Anwar Jibawi,855183,3
PTXofficial,853095,3
ThomasRhettVEVO,851835,1
MeghanTrainorVEVO,850417,4
Doritos®,847882,1
Revolt TV,847289,1
EntertainmentVevo,845262,1
the Hacksmith,843366,2
Ladylike,842278,3
CrashRacing,831968,1
As/Is,830566,7
Guy Tang,828909,1
Papa Jake,828444,6
DisneyMusicVEVO,826708,3
NFL Network,821663,1
Doug DeMuro,813827,6
McDonald's,812990,2
PitbullVEVO,812864,2
Tasty,812420,28
EltonJohnVEVO,806841,1
FORMULA 1,802588,2
Graham The Christian,798567,1
John Mayer,798095,1
REACT,796529,14
MyLifeAsEva,787579,3
Jaclyn Hill,787397,4
SHAYTARDS,785136,1
Bleecker Street,783815,4
Complex,780840,14
Warped Perception,780422,1
BuzzFeedVideo,778883,32
Jeep,778702,1
Morgan Adams,778160,3
marshmello,775414,2
Architectural Digest,770099,3
UFC ON FOX,769802,1
NFL,765653,36
DJKhaledVEVO,765387,1
HOT 97,757804,1
Bleacher Report,756578,3
The Tonight Show Starring Jimmy Fallon,755109,71
littlerobotgirl,754415,1
HaileeSteinfeldVEVO,751525,1
Doctor Who,747653,1
Sam O'Nella Academy,746495,1
Zoella,742135,6
TopClips247,740553,1
Vogue,740120,23
BuzzFeedBlue,739357,6
DALLMYD,738309,3
KYLE HANAGAMI,733656,1
Billboard,732158,7
Swish Daily,731035,1
Tyler Williams,727844,2
zefrank1,726175,3
CrazyRussianHacker,724277,15
Rella On the radio,720285,1
The Daily Show with Trevor Noah,719562,10
Wassabi Productions,717201,2
Capital FM,714905,2
H3 Podcast Highlights,712752,1
DONG,711722,2
BRIGHT SIDE,711209,1
Binging with Babish,708491,9
BillieEilishVEVO,707608,1
Jordan Wilson,706989,1
WIRED,704933,26
ThreadBanger,704614,7
TBS,704356,3
AlishaMarieVlogs,700068,1
NASA Goddard,699274,2
Cristi Cristian,699223,1
Leroy Sanchez,698200,1
Kanye West - Topic,694556,2
Waterjet Channel,691934,3
AvE,691592,1
SELF,691505,1
Nintendo,688963,9
TheOdd2sOut,688645,1
HBO,686929,11
carrieunderwoodVEVO,686109,3
shgurr,685579,1
LIL UZI VERT,682894,1
KhalidVEVO,682823,2
Mark Sales,681390,1
Global News,680476,1
VH1,678570,3
Jess Glynne,678094,1
SnowPatrolVEVO,677983,1
Iris,676024,1
Kylie Moy,674629,1
EA SPORTS FIFA,674446,1
DJSnakeVEVO,673010,1
Will Smith,669873,9
Ubisoft North America,669475,1
TroyeSivanVEVO,666708,6
CGP Grey,665368,2
StorrorBlog,665163,1
Cam'ron,664666,1
LOL Network,664027,9
Freddie Lister,662308,1
Kim Kardashian West,661775,1
Pokémon GO,660509,1
FallOutBoyVEVO,654358,4
The X Factor UK,653186,2
Tati,650956,13
johnmayerVEVO,650153,1
Markiplier,648978,5
ET Canada,648544,1
Rapid Highlights,645290,1
JarJar Abrams,643117,1
Team Coco,638476,14
Doctor Mike,638000,3
494ta,637942,1
Sprint,637000,1
Bobby Bones,636209,1
RemyMaVEVO,634254,3
ABC Action News,633042,3
PBS NewsHour,626539,8
Why Don't We,626351,1
The King of Random,626143,17
Kylie Cosmetics,625244,2
Mercury News,624226,1
Mikey Murphy,621594,1
MiguelVEVO,618382,3
The Late Show with Stephen Colbert,618206,55
Simply Not Logical,617598,3
EverythingApplePro,617154,8
SabrinaCarpenterVEVO,615690,2
Dan And Shay,613222,1
MamaMiaMakeup,611611,1
FrenchMontanaVEVO,607810,1
5SOSVEVO,604619,3
Alan Walker,602880,6
Groupon,601853,1
Just Wow me,601839,1
Battle Universe!,598726,1
FlorenceMachineVEVO,596500,2
All Def Digital,596062,1
What's Inside?,595416,7
cheeseandjamsandwich,593426,1
GraceVanderWaalVEVO,593095,2
Ryan Is Driving,592963,1
TheBackyardScientist,588908,1
BURGER KING,587365,2
Absolut,586498,1
OneBitMusicVEVO,585180,1
Muse,585170,1
Esther Bellido,583360,1
DanAndPhilGAMES,580796,1
BBC,580469,6
Big Marvel,578233,5
Duston Ward,578128,1
Jesse,576294,1
ScatterBrain News,575459,1
SadeVEVO,575067,1
First We Feast,573547,31
Chili Klaus,572170,1
Valk Aviation,571588,1
Nikita Dragun,571044,2
The Voice,566844,17
Tim Milgram,566644,2
CollegeHumor,564244,25
Ryan Canty,563246,1
Good Mythical Morning,562134,20
NHL,558439,2
Late Night with Seth Meyers,557837,37
Linkin Park,557595,4
JelloApocalypse,556575,2
Red Bull,556391,8
ASMR Darling,555758,1
GameXplain,554506,2
Mary Giannone,553637,1
Sylvia Gani,552925,3
ElleOfTheMills,550384,4
Vsauce2,549388,2
SHOWTIME,546964,1
Patrick Nan,546909,1
Zendaya,545535,1
Breakfast Club Power 105.1 FM,544984,10
NowThis World,544770,1
RealLifeLore,543355,4
Mr. Kate,540777,7
Real Engineering,539560,1
David Guetta,536592,3
Veritasium,536326,2
Epicurious,535304,5
Battle Universe,534602,1
grandayy,534278,1
I Like To Make Stuff,530377,2
ToniBraxtonVEVO,528906,2
MLB,528856,2
BrainfooTV,527892,1
oregon,527444,1
blackbearVEVO,524944,1
GPhase,523491,1
HyundaiUSA,523481,1
Illumination,522007,1
Lindsey Stirling,521991,5
Camila Cabello,520114,2
Laura Lee,519681,7
Amber Scholl,518642,8
Russell Howard,516045,1
Cut,514690,8
Access,511901,2
ProZD,510237,3
Looper,509815,2
itsAlexClark,507091,11
SmarterEveryDay,506908,3
NiallHoranVEVO,504112,3
Mike Shinoda,503952,2
ESPN,502798,83
CalumScottVEVO,499861,5
Chubbyemu,494898,2
FOOD INSIDER,494687,1
Pitch Perfect,494560,2
Ultra Music,494304,2
Danny Sapko,493662,1
WUSA9,491936,1
BBC Radio 1,491415,16
ONE Media,490628,6
BT Sport,490146,1
iggyazaleamusicVEVO,490100,2
Panic! At The Disco,489663,2
Poppy,488948,3
boogie2988,488915,1
Scotty Sire,488580,1
Ten Second Songs,486361,1
TkyoSam,486328,1
FOX Soccer,485128,8
NBA Highlights · YouTube,483504,2
ALL URBAN CENTRAL,481171,1
Simone Giertz,480225,7
Helpful Vancouver Vet,479666,1
Vox,475997,46
IGN,475895,10
Jason Mraz,475557,1
Bobby Duke Arts,475480,2
Riverdale,474954,1
Chris Stuckmann,473457,4
Mark Wiens,471246,1
PsychoSoprano,470916,2
Michelob ULTRA,470674,2
CalebCity,469136,2
AntsCanada,468740,2
Rob Bliss,466511,1
TMZ,466387,11
New Scientist,465893,1
Hydraulic Press Channel,465326,7
INSIDER,464285,33
Brent Pella,462490,1
Howl Of A Dog,462463,1
Jeopardy!,458172,2
E! Entertainment,457316,18
MustardVEVO,457170,1
Strictly Dumpling,456041,5
Christine Sydelko,455870,1
EA SPORTS,454950,1
Chris Smoove,454320,2
The Grand Tour,453667,3
Tamar Chronicles,451356,1
Glamour Magazine,450988,4
merrelltwins,449665,3
VICE,445713,1
GQ,445485,9
Amazon Studios,444864,4
Muselk,443919,1
SupremeSounds,443055,1
NBC Sports,442326,16
Fancy Vlogs By Gab,441809,1
NBA on TNT,439053,3
Hamilton: An American Musical,438852,2
Miss Universe,437779,1
CNN,436517,51
Sprinkleofglitter,435052,3
Deep Look,432987,1
littlemixVEVO,432367,1
PointlessBlogVlogs,430932,1
Jeremy Jahns,430576,6
Gentle Whispering ASMR,428389,1
Wendover Productions,428256,6
Atlantic Records,427336,8
The Food Ranger,425855,6
Bruno Mars,424943,2
Rosanna Pansino,423366,12
Netflix,421700,58
AdelaineMorin,421268,2
NASA Jet Propulsion Laboratory,421240,3
TheReportOfTheWeek,420724,6
Ben Actis,419483,1
Skip and Shannon: UNDISPUTED,417332,4
MLive,416998,3
Corridor,414045,1
Coca-Cola,413417,1
Chad Kroeger,412812,1
JuliaMichaelsVEVO,412323,1
Keith Urban,409350,2
Macklemore LLC,408491,1
You Suck At Cooking,407915,10
Tanya Burr,407628,2
MGMTVEVO,407313,1
LadyGagaVEVO,406918,2
Patricia Bright,406776,2
TRL,406316,2
Yes Theory,405930,3
5FDPVEVO,405800,2
onsetfacilities.com,404058,1
Nike,403613,1
The Verge,402917,14
Chilly Willy,402547,1
ChrisBrownVEVO,400949,1
Frank May,399491,1
Daisy Marquez,399433,3
1MILLION Dance Studio,398737,3
Steve1989MREInfo,397926,1
googledoodles,397920,1
Jackie Aina,397264,8
Rooster Teeth,395529,4
Channel Awesome,395414,2
Attaullah Malik,390964,1
doddleoddle,390631,1
Kitty Hawk,389504,1
The Wendy Williams Show,389274,1
A24,388905,5
Funny Commercials,385563,1
Green Day,382354,2
Lauv,382206,3
Kelly Clarkson,381779,4
NCAA March Madness,380922,6
Wendy Williams,379892,7
DaveHax,379756,1
Motherboard,379394,2
Taylor Nicole Dean,378875,4
Squarespace,378593,1
People are Awesome,378202,2
Dani Ochoa,377266,2
samfryltd,377085,1
AnimalWised,368278,2
PLAYERUNKNOWN'S BATTLEGROUNDS,367796,1
Good Mythical MORE,366647,1
India Survival Guide,365603,1
Impulse,364478,2
Diet Coke,363422,1
PBS Eons,362694,4
SomeThingElseYT,360571,1
Gibi ASMR,359743,3
Bon Appétit,359607,23
Anaki Abo,358597,1
Recording Academy / GRAMMYs,358526,2
Rudimental,357398,3
SUPERFRUIT,354659,3
Highlight Heaven,352882,2
Austin Evans,352127,9
The Official Pokémon YouTube Channel,351995,4
STARZ,351950,1
Desi Perkins,351211,5
Ricky Dillon,351073,1
MNEKVEVO,350884,1
USA Gymnastics,350771,1
Lenarr Young,350104,1
Olivia Jade,349475,1
Carla Resendiz,349459,1
Tina Yong,348023,3
Vanity Fair,347166,22
Gigi Gorgeous,347163,3
OmarGoshTV,347036,1
HellthyJunkFood,345758,14
ChangeofplanZ,345571,1
Mean Girls on Broadway,344112,1
PatrickStarrr,343737,3
MTV,343073,3
matt,342214,1
Brad Mondo,341986,3
Major Lazer,340783,2
Alex French Guy Cooking,340597,1
Maddie Ziegler,340194,2
KathleenLights,339910,8
Fueled By Ramen,339772,6
Funny News,339263,1
IFC Films,337850,3
TODAY,337074,20
SugarlandVEVO,334901,2
BreakingBenjaminVEVO,334173,1
Hope For Paws - Official Rescue Channel,333753,5
Talking Kitty Cat,333728,1
Tia Mowry's Quick Fix,333576,2
KylieMinogueOnVEVO,333148,2
JOE.ie,331976,1
FundingCircleUK,331939,1
5MadMovieMakers,330722,2
Corinne Leigh,330124,1
Clevver Style,329917,5
ZEDDVEVO,328524,2
DrinkBODYARMOR,327511,1
Full Frontal with Samantha Bee,327134,9
JackWhiteVEVO,326314,2
The Infographics Show,325936,10
RoadsideFlix,325769,1
Mike Boyd,324351,7
TheHoonigans,321245,1
How To Cake It,318569,8
Sesame Street,318249,1
Cammie Scott,318040,1
heyitsfeiii,317534,3
Tom Scott,317145,23
Vlogs By DK4L,316768,1
KATC,316092,1
CBC News,315746,6
Alabama Crimson Tide on AL.com,315661,1
FoxSearchlight,315567,3
ELLE,314393,5
Summoning Salt,312354,1
Donald J. Trump Topic,311157,1
Today I Found Out,310658,5
Ellie and Jared,310056,2
ElectroBOOM,309891,4
WhatCulture Wrestling,309747,1
Life Noggin,308973,25
CrossFit®,308740,1
AusAntarctic,308201,1
Pero Like,306854,1
Australian Open TV,306414,4
Ranz Kyle,305966,2
Eh Bee Family,305956,1
Pop & Sports HQ,305899,1
Engineering Explained,304310,2
yovo68,304017,1
The Dodo,303794,18
Kortney Steury,303335,1
Genius,303317,6
Studio C,302417,5
Joey Graceffa,301967,3
Christen Dominique,301657,5
The Bella Twins,301545,2
KKandbabyJ,301126,2
TheBeatlesVEVO,300775,1
Mashable Daily,300407,1
Shesez,300203,1
ABC7,299090,1
Shmee150,298744,1
Glam&Gore,298244,6
Peter McKinnon,297497,3
AzzyLand,297360,1
JamesAVEVO,297306,1
Shawn Johnson East,297204,2
Olympic,296986,4
Jason Yu,296633,1
Vet Ranch,295258,1
Cards Against Humanity,295217,1
iHasCupquake,294789,2
Nicole Guerriero,294387,1
R3HAB,293814,2
Matt Steffanina,293758,1
doddlevloggle,292107,1
Disney On Broadway,291737,1
Bebe Rexha,290061,3
WaterTower Music,289557,1
Rob Scallon,288742,3
Carli Bybel,288214,4
Jonathan Morrison,284065,3
akidearest,283696,1
JuJu Smith-Schuster,283692,1
CBS This Morning,283485,17
RAP DAILY,283379,1
All is Art,282383,1
Никита Ордынский,282380,1
NBA,280948,53
Duncan Sinfield,279812,1
Blake Shelton,279586,1
The Telegraph,279561,1
bulletvalentineVEVO,277498,1
PolyMatter,277150,1
Dua Lipa,276231,1
JerryRigEverything,275847,9
Jack Coyne,274132,2
Cracked,273478,6
William Osman,273290,11
TIME,272865,12
Klossy,271532,5
Half as Interesting,271088,8
keshaVEVO,270331,2
Slooh,269906,1
Nerdwriter1,269473,8
TheInternetVEVO,268767,1
Mitchell Moon,268105,1
Entertainment Tonight,267216,13
AaronsAnimals,266324,4
Business Insider,265598,11
Gus Johnson,265348,9
TromaMovies,265204,1
News 5 Cleveland,265128,1
Yoga With Adriene,265038,1
Nathan Robinson,264408,1
WhatsUpMoms,262626,1
Itzztonytony,261544,1
jennxpenn,261473,5
Rapid Trailer,260296,2
UrAvgConsumer,259918,1
Johnny Jansen,259832,1
Dave Lee,259812,2
Physics Girl,259343,3
CBS New York,258824,2
Good Morning America,258681,12
TurboTax,257320,2
JasonAldeanVEVO,257294,2
Awkward Puppets,257059,1
Fleur DeForce,256468,4
SigridVEVO,255540,3
3Blue1Brown,254966,3
CBS,254930,2
Kris Harbour,253926,1
Scotty Kilmer,253378,1
JOLLY,253087,3
Maggie Lindemann,252616,2
PBS Space Time,251579,1
DonDiablo,251014,1
Strange Parts,250906,2
TED-Ed,249188,22
ITV,248238,1
BBALLBREAKDOWN,247763,1
Keyboard Cat,247744,1
Wong Fu Productions,247007,5
Nyma Tang,246687,1
Movieclips Trailers,246320,2
LavenderTowne,246040,1
Tech Insider,245310,8
MatthewSantoro,244910,6
Fifty Shades,244539,1
Storyful News,244532,1
TheMeanKitty,244192,2
Nile Wilson,244095,2
Madelaine Petsch,243293,6
SeanPaulVEVO,243220,1
Google,243018,5
SuperCarlinBrothers,241697,3
Ryan,241409,1
ThreeDaysGraceVEVO,239907,1
MrMobile [Michael Fisher],239189,1
Munchies,239103,3
A&E,238953,1
Step Up: High Water,238647,1
SB Nation,237415,3
Mayo Clinic,237307,1
CNNMoney,237086,2
Kristen Hancher,235861,1
Great Big Story,235097,25
Car Throttle,235077,1
HouzzTV,234563,2
Sonic the Hedgehog,233958,1
Malik Nabee,231920,1
Mr Sunday Movies,231767,2
LOOK MUM NO COMPUTER,230858,1
FC Barcelona,230789,5
Allure,230582,4
amc,230379,3
Because Science,230248,3
Techquickie,230223,1
Wix.com,229709,1
Street Speed 717,229570,1
Bramty Juliette,229081,1
Lofty Pursuits,229000,1
Goodwillsandusky,228745,1
E! Live from the Red Carpet,228494,4
Beth Kobliner,228367,1
OWN,227943,1
CatPusic,227342,1
StarTalk,226451,1
Lane Anderson,225748,1
Dancing With The Stars,225230,7
Taylor Swift,224157,3
Bethany Wilhelm,223332,1
FIFATV,222827,1
Billie Eilish,222322,1
Jon Olsson,222260,1
Extra Credits,221924,2
Miranda Sings,221872,3
Clevver News,221434,6
DoodleChaos,221145,1
Chris Turner,221067,1
Frankie Vision,220548,1
UFC - Ultimate Fighting Championship,219502,2
MsAaliyahJay,219030,1
Tpindell,218992,1
Alissa Ashley,218820,4
ColdFusion,217582,1
Cat Man Chris,217270,2
SumerianRecords,215876,1
WXYZ-TV Detroit | Channel 7,215733,1
fosterthepeopleVEVO,214534,2
The View,214457,18
BBC News,214380,19
Philadelphia Eagles,213825,1
Andrew Rowland,213782,1
Gondwana Collection Namibia,213584,1
J S,212858,1
Beats 1 Radio,212742,3
JohnNewmanVEVO,212489,1
Simon's Cat,212001,13
The Key of Awesome,211001,1
Comicbook.com,210946,3
The Orchard Movies,210816,2
MinuteEarth,209461,5
Caspar,208892,1
Adam Neely,208289,1
Don Diablo,208210,2
Erin Noelle,206669,1
Now You See It,206319,1
TmarTn2,206258,1
Kia Motors America,206006,1
Sugar Pine 7,204420,3
CaptainDisillusion,204170,2
DidYouKnowGaming?,204053,1
G-Eazy,203984,1
Jenn Im,202882,2
WOWPresents,202725,9
To Scale:,202621,1
SciShow,202152,26
Inside Edition,201958,15
Adam's Apple,201784,1
Michelle Khare,201428,9
clothesencounters,201105,4
Quartz,200068,1
The Office US,200060,1
Harper's BAZAAR,199502,2
Abhishek Singh,199488,1
X Factor Italia,199429,1
This Morning,198437,1
Asthmatic Kitty Records,198436,1
Makeupshayla,197950,1
Galantis,197485,1
Hopeless Records,195685,1
The Oregonian,194519,1
PostmodernJukebox,194267,2
LGR,194210,1
Unecht Erfunden,194010,1
H&M,193658,2
Casey Holmes,193391,5
AnthonyPadilla,193225,7
N W,193090,1
Alex Gilbert,193082,1
Late Show with David Letterman,192609,1
Fox News,192288,6
4given4ever1,191953,1
Mashed,191764,1
The CW Television Network,190482,6
Michael Bublé,190152,1
New Orleans Saints on NOLA.com,190113,2
Kylie Minogue,189447,1
Freddie Twenty,189419,1
Guardian News,188614,14
wdwmagic,188213,1
ANDREW HUANG,188121,4
Cody'sLab,188078,2
Variety,187751,6
CBS News,187659,18
Comedy Central,187456,2
JP & Julia,187452,1
Colleen Ballinger,187235,1
Liam Gallagher,187052,1
Washington Post,186861,26
Pittsburgh Dad,186178,1
KaceyMusgravesVEVO,185695,2
Cole and Marmalade,184813,6
RachhLoves,184718,1
EvanescenceVEVO,184676,1
truTV,184655,5
Teen Vogue,183886,7
Moulin Rouge! the Musical,183713,1
Matthias Wandel,183491,4
Wintergatan,183331,1
davematthewsbandVEVO,183266,1
BBCRadio1VEVO,183205,5
It's Okay To Be Smart,183154,3
Seth's Bike Hacks,183149,1
Colleen Vlogs,183016,2
iJustine,182923,11
dodieVEVO,182794,2
Sailing La Vagabonde,182778,1
What I've Learned,182250,1
BBC Three,182222,4
BBC Sport,181773,1
Nikki Glamour,181720,1
Kaplamino,181350,1
Hevesh5,181123,4
MODSUN,180919,1
Condé Nast Traveler,180245,4
The Valleyfolk,179848,2
GreatScott!,179827,2
WeatherTech,179610,1
ABC News,179591,22
Bravo,179387,2
GingerPale,179243,1
Mountain Dew,179107,1
Bill Gates,178938,2
Shaaanxo,178832,1
Anna Akana,177864,6
TheKillersVEVO,177747,1
geicocaveman2012,176871,1
The king of DIY,176798,2
Forgotten Weapons,176785,1
Solid Gold Aquatics,176544,1
MyHarto,176432,5
Frog The Rooster,176079,1
Tucker Gott,175852,1
Marzia,175336,3
Cimorelli,174882,1
Nickelodeon,174288,2
Nicol Concilio,173991,2
todrickhall,173320,4
Gustawny,172338,1
This Is Us,172201,2
MTV International,171804,1
Living Big In A Tiny House,171552,2
LifeAccordingToJimmy,171311,1
Roxette Arisa,170702,1
stacyvlogs,170026,2
NJ.com,169937,3
SnoopDoggVEVO,169859,2
KSNV News 3 Las Vegas,169511,1
Peter Caine Dog Training,169390,1
Top Korean News,168675,1
danisnotinteresting,168637,1
Grace Helbig,167835,12
West Midlands Police,167753,1
John Maclean,166846,2
The Real Daytime,166483,5
H O N N E,166235,1
PAC ENTRETENIMENTO / DJ IVAN DAVIS,165957,1
kimbramusic,165698,1
blayze999,165417,1
Luke Korns,165309,1
Google Developers,165223,1
GeorgeEzraVEVO,165111,2
StanDrawsSpaceships,164800,1
communitychannel,164324,1
Philly D,164096,1
Peter Brown,164001,2
Vance Joy,163810,2
Jamie Demeter,163780,1
brutalmoose,163442,1
Denitslava Makeup,163284,2
HiHo Kids,162834,1
Kevin Durant,162597,1
Tested,162542,3
Kristin Johns,161050,1
Waymo,161040,1
Like Stories of Old,160078,1
chris lee,160012,1
Warner Bros. UK,159782,1
Alec Steele,159742,1
Ryan Calme,159679,1
vlogbrothers,158638,10
ignoramusky,158576,1
theCHIVE,158013,1
KeithUrbanVEVO,157788,4
TV One,157494,1
ElbowVEVO,154494,1
The Royal Family Channel,153406,4
Claire Marshall,153053,1
TechCrunch,152334,2
NBC News,152154,21
SaggyJ,151917,1
theneedledrop,151690,6
The Modern Rogue,151574,1
ConnorFranta,151435,6
Simon and Martina,151292,4
IAmAnneMarie,151222,1
ThePianoGuys,150941,1
eLL cartoons,149725,1
thataylaa,149709,1
Thomas Sanders,149171,4
Practical Engineering,148710,2
Pick Up Limes,148651,1
cocheusadoooo,148226,1
CBS Miami,147754,2
VICELAND,146543,2
Food Wishes,145606,6
United Launch Alliance,144785,2
C-SPAN,144243,6
The White House,144212,2
Passenger,144177,1
Jake Roper,143597,1
Anew Start,143375,1
Barn Sanctuary,143373,1
The Joint Forces Channel,143092,1
MAZELEE,142935,1
The School of Life,142682,9
ChrisStapletonVEVO,142569,3
The New York Times,142534,17
Gallant,142019,1
How To Cook That,141294,7
AlmazanKitchen,141225,1
Emirates,141148,1
TSN Tube,141052,1
Jimmy Built,140973,1
National Geographic,140645,11
MariahCareyVEVO,140332,1
James Veitch,139989,1
Film Independent,139806,1
Lip Sync Battle,139686,12
TV Promos,139533,5
How to DAD,139336,3
empireofthesunvevo,138988,1
Polyphonic,138563,1
SuperwomanVlogs,138554,3
Everyday Astronaut,138220,2
Julien Solomita,137721,2
Lindsay Webster,136757,1
kehlani parrish,136027,1
NinaNesbittMusicVEVO,135517,1
monatheband,135252,1
Vinheteiro,134931,1
This Might Get,134879,1
Paris Hilton,134817,1
BETNetworks,134516,2
BBC America,133830,2
VidCon,133433,1
alt-J,133212,1
fantano,132779,3
Cultaholic,132395,1
acaciacutie,132242,1
LD Entertainment,131430,1
foofightersVEVO,130954,1
AT&T,130858,1
Numberphile,130650,5
JamesBlakeVEVO,130569,1
BRITs,130198,1
TheSorryGirls,129178,4
Max Skipper,129038,1
Lisa Eldridge,128658,3
Conan Gray,128633,1
Estée Lalonde,128523,1
How To Make Everything,128098,2
MrNorrisVideos,127521,1
Star Wars HQ,127452,1
Abroad in Japan,127351,2
BrettYoungVEVO,127317,2
Jack and Dean,127124,2
JamesBayVEVO,126522,2
emma chamberlain,126438,1
ToveLoVEVO,126419,1
End of Ze World,125897,1
Interscope Records,125684,1
See You Yang,124877,1
ToriKellyVEVO,124804,1
hwow,124554,1
Taylor R,124439,1
CS Dojo,124380,1
Dj Earworm,124338,1
VICE News,124180,4
emmymadeinjapan,124061,5
Watch What Happens Live with Andy Cohen,123955,19
Mercedes-AMG Petronas Motorsport,123573,1
TheScriptVEVO,123022,2
FOX Sports,122595,4
UEFA.tv,122589,1
My Self Reliance,122555,2
FightHype.com,122423,3
NBA Stats All Seasons,122049,1
Maymo,121912,1
Omeleto,121578,2
CBS Los Angeles,121246,8
EllieGouldingVEVO,120554,2
LukeCombsVEVO,119697,2
Disney Parks,119434,4
Sauber F1 Team,119235,1
Sister Circle Live,118831,1
Cosmopolitan.com,118735,3
"Cyprus Air Heating, Cooling and Fireplaces",118344,1
HaimVEVO,118160,1
Katzun,118040,2
I.T. Channel,117394,1
Newsflare,116946,1
Techmoan,116907,1
CNET,116583,5
GamingWithJen,114829,1
Jenny Nicholson,114804,8
It's a Southern Thing,114552,1
Netflix Asia,114276,1
Lorraine,113998,2
Eater,113692,6
CrossKut316,113672,1
The Lore Master,113048,1
Man About Cake,112914,3
The Anna Edit,112510,1
barnabydixon,112472,1
ombremor,112310,1
Technology Connections,111825,1
BonJoviVEVO,111802,1
Saint Louis Chess Club,111278,2
TED,111090,2
Sailor J,110658,5
Channon Rose Vlogs,110470,1
Alpha Entertainment,110404,1
Grandpa Kitchen,110091,1
Owen Harvey,110072,1
LadBaby Official,109759,3
Amber Liu,109642,1
devinsupertramp,109493,2
Exploring Alternatives,109455,1
CNBC,109199,7
Alex Meyers,109050,1
Motion Station,109019,1
Horizon Productions SFL,108646,1
Chris and Jack,108618,1
ScreenPrism,108416,4
David Seymour,108116,1
Magnolia Pictures & Magnet Releasing,108031,2
ShibSibs,107663,1
NewsFunnies,107242,2
Animal Planet,106605,1
Gcincorp Ecommerce and Real Estate,106523,1
Hillsong Worship,106144,1
KaneBrownVEVO,105944,2
Orion Pictures,105229,1
Monster Energy,105091,1
U.S. Navy,105058,1
Desus & Mero,104785,1
Sufficiently Advanced,104510,1
LoeyLane,104407,1
Braille Skateboarding,104291,1
Molly Burke,104128,4
mayratouchofglam,103927,1
Australia,103683,1
Jessica Clements,103656,2
tonyvera1902,103423,1
Cody'sBLab,102900,1
mike m,102560,1
PrincessPiaMiaVEVO,102357,1
Kid Rock,101830,1
Nat Geo WILD,101726,2
Golden State Warriors,101590,1
StingVEVO,101310,1
SPORTSNET,101089,3
Shameless Maya,100980,2
standupmaths,100472,1
Tyler Oakley,100383,7
mmschocolate,100059,2
Campari,99674,1
Enter Shikari,99619,1
FliteTest,99609,3
TobyMacVEVO,99535,1
Zach King,99289,1
Millie T,99243,1
60 Minutes,99118,2
Bundesliga,98835,1
MSNBC,98547,8
hp_overload,98378,1
Piece Of Me Tour Planet Hollywood,97689,1
RM Videos,97567,9
Shoshana Bean,97472,2
So I Had This Idea...,97217,1
PeterSripol,97007,1
Redline Reviews,96774,1
TheTimTracker,96636,3
Beme News,96588,3
Movieclips Coming Soon,96416,1
Southwest Florida Eagle Cam,95988,1
Alicia Keys,95944,1
TheCubician,95697,1
CrazyLaughAction,95668,1
Peloton,95174,1
poofables,95085,1
Blue Origin,95003,3
MattMasonPhotography,94694,1
GwenStefaniVEVO,94643,1
"Rock me, Joey Santiago.",94088,1
Donut Media,93829,1
NZPoliceRecruitment,93383,1
Hazel Hayes,93375,1
engineerguy,93244,1
Portugal. The Man,93035,3
Lucas,92754,3
Tom Stanton,92410,3
Third Leg Studios,92233,2
TheVampsVEVO,91620,1
IFC,91445,1
CBS Evening News,91427,3
Lily Pebbles,91167,1
thevirts,91085,1
MoorInfo,90786,1
Confuse News,90680,1
Caters Clips,90454,1
BillyCrammer,89872,1
BowlFullofAwesome,89829,1
EVNautilus,89132,1
Vote The Process,88257,1
Dr. Sandra Lee (aka Dr. Pimple Popper),87674,2
MeganBatoon,87478,2
lara6683,87397,1
Tim Gray,87357,1
Dennis Kapatos,87209,1
Srinath .S,87105,1
BehindTheSounds,86744,1
Popcorn with Peter Travers,86360,1
Paramount Network,86206,2
BaconLegs,86188,1
12 News,85643,1
XAmbassadorsVEVO,85556,2
The Deal Guy,85522,2
BeOurGuest,85478,1
Jon B.,85400,2
Red Robot - Intelligent Distribution,84474,1
WHAT'S INSIDE? FAMILY,84414,2
Arden Rose,84305,2
Hush Kit,84198,1
BrantleyGilbertVEVO,84155,1
PeopleTV,84053,2
Ford Motor Company,83525,1
Quicken Loans,83386,1
Mayim Bialik,83219,4
KickThePj,83200,1
Drew Lynch,83144,2
DJI,82977,1
Bachelor Nation on ABC,82836,3
The Thought Emporium,82752,1
JohnnyQ90,82407,1
NBC,82367,4
Tu Fan,82087,1
jenniferhudsonVEVO,81509,1
Pitchfork,81488,1
The Talk,81098,4
Burritoxman,81059,1
Inthefrow,80945,1
BrasherN,80760,1
Laura Kampf,80719,3
Inside the Magic,80200,1
Movie Munchies,79863,1
Asian Boss,79668,2
Keke Palmer,79452,1
NickJonasVEVO,79424,3
Carly and Erin,79099,1
jessiepaege,78987,3
KTVU,78841,1
ChloexHalleVEVO,78595,2
Brothers Green Eats,77630,1
Jessii Vee,77486,1
LukeBryanVEVO,77391,3
MaccabeatsVideos,77201,1
Trace Cyrus,76871,1
U2VEVO,76707,4
BuzzFeed Nifty,76487,8
OlanRogers,76044,1
RawBeautyKristi,75912,1
Just Between Us,75045,3
Mamrie Hart,74998,2
"European Space Agency, ESA",74720,1
Ryan Williams,74609,1
Kandee Johnson,74447,3
Alto's Adventure,73724,1
paul wheaton,73685,1
New England Patriots,73662,1
Helen Anderson,73427,1
Animal Adventure Park,73166,2
Andrew Lowe,73104,1
Brian Hull,72938,3
Cloth Map,72789,1
DunkFest,72675,2
Dina Tokio,72626,1
shurap,72514,1
Choir! Choir! Choir!,72339,1
neilyoungchannel,72321,1
kawaiisweetworld,72234,1
New York Daily News,72174,2
Feast Of Fiction,72033,3
Chloe x Halle,71609,2
MandisaVEVO,71574,1
Tom Harlock,71264,1
Big Ten Network,71072,1
Anthem Lights,71008,1
Lotto New Zealand,70581,1
CupcakeJemma,70132,4
WFLA News Channel 8,69716,1
Hannah Meloche,69028,1
Aunty Donna,68835,1
RagnBoneManVEVO,67815,1
officer401,67661,1
Christopher Davis,66943,1
AIA awards,66888,1
Auralnauts,66800,1
Tessa Violet,66202,2
The Ohana Adventure,66028,2
Butch Hartman,65838,2
Clicknetwork,65823,1
Pomegranate Sunshine,65758,1
QUARTZ,65409,1
The Inertia,65371,1
colourpopcosmetics,64817,1
Cartoon Hangover,64714,1
Samantha Maria,64516,2
The Hollywood Reporter,64318,7
BBC Earth,64092,6
BellaThorneVEVO,63926,1
Kotaku,63531,1
ViralHog,63480,14
SB-LII Commercials,63312,1
ColliderVideos,63292,17
Andre Black Nerd,63211,4
Steeper33,63007,1
BerkleyLovesTori,62995,1
Josh Groban,62656,3
The Alex Jones Channel,62216,2
ilikeweylie,62061,1
Refinery29,61389,40
KipMooreVEVO,61359,1
SnekTek,61317,1
CrowsEyeProductions,61251,1
Guldies,61240,1
Kitten Lady,60929,3
HQVideoDude,60828,1
Trailers Promos Teasers,60650,2
CatCreature,60636,3
Bethel Music,60586,1
The Weather Channel,60509,1
Elton John,60398,1
Midnight Video,60262,1
GoPro,60194,5
The Cuddle Squad,60161,2
David Sistaro,60079,1
Duan Mackenzie,60072,1
The Bachelor Insider,59833,1
Symon,59638,1
Dancing On Ice,59606,1
Rappler,59466,1
ThisDustIn,59352,1
Sparkee Music,59297,1
Chevrolet,57915,1
LIVEKellyandRyan,57889,8
officialcharlixcx,57588,2
Nickelback,57169,1
Buttered Side Down,57156,3
Jessica Braun | JAMbeauty89,56771,1
Royal Blood,56553,1
My Virgin Kitchen,56420,2
Applied Science,56345,3
Spinach Dippa,56197,1
Joan Kim,56152,3
Katy Perry,56012,1
Parks and Recreation,55974,1
Mike Diva,55556,1
Wall Street Journal,55510,2
Whitney Port,55398,1
Max Fagin,55323,1
euronews (in English),54779,5
Gemma Stafford,54391,2
ParsonJamesVEVO,54324,2
David Archuleta,54209,1
Renault Sport,54198,1
MassMutual,54155,1
slaymeclarkson c:,54002,1
UJ,53942,1
SRAM MTB,53923,1
ByronTalbott,53752,2
Access Hollywood,53700,4
MDNA SKIN,53321,1
Talks at Google,53000,1
Hudson Moore,52628,1
Cody'sLab Backup,52607,1
Good Morning Britain,52602,1
FX Networks,52458,4
TheGracieC,51932,1
T-Mobile,51769,1
Penguin Books UK,51474,1
souviendra,51146,1
Roy Moore for Senate,51139,1
Merrell Twins Live,50850,3
Derek Hough,50722,1
Lauren Elizabeth,50702,1
Ingrid Nilsen,50686,2
Laura in the Kitchen,50557,4
The Cincinnati Zoo & Botanical Garden,50547,1
smoothiethecat,50131,1
John Campea,49950,17
In Case You Missed It,49646,1
Roadshow,49536,1
Doug Jones for Senate,49472,1
Kyle Gunderson,49461,1
Halfway Anywhere,49091,1
LustreLux,49037,1
JAY,48982,1
KIND Snacks,48811,1
ScreenJunkies News,48804,11
Xbox,48735,1
heroedelahistoria,48682,1
Scott Manley,48505,1
Daelric,48372,1
The Rock,47974,1
Be Amazed,47661,1
Ivan Miranda,47464,1
AutoGuide.com,47430,1
BenDeen,47399,1
Sam Sheffer,47385,1
lisbug,47287,1
CMAVEVO,46746,1
Just Marcus,46706,1
ScottyMcCreeryVEVO,46683,1
Sara Dietschy,46547,3
CBS Sunday Morning,45952,3
Specialized Bicycles,45844,1
The Square to Spare,45164,1
misleadingsilhouette,45096,1
Edward Avila,45065,1
The Warp Zone,44851,1
INQUIRER.net,44295,1
3D Printing Nerd,44170,2
Steve TV Show,44159,2
BleachersVEVO,43931,1
LiveOverflow,43554,1
Haru the Shiba Inu,43437,1
FunForLouis,43226,1
Chris Reinacher,42826,1
Useless Duck Company,42737,1
Eva Lunde Bentley,42513,1
HANSON,42343,2
Shantell Martin,42336,1
Obama Foundation,42194,1
Moby,41958,1
BishopBriggsVEVO,41956,1
CamVEVO,41441,1
Jessica Vu,41407,1
Brian Klug,41335,1
Errant Signal,41268,1
Sherylcrow,41174,1
Chris Hadfield's Rare Earth,41073,1
Canada Soccer,41029,1
austinmcconnell,40790,2
Omaze,40319,1
Jacob Collier,40117,1
Special Books by Special Kids,39834,2
Missouri Star Quilt Company,39810,2
JK Brickworks,39096,1
Youtube Tea,38638,2
Mercedes-Benz,38585,1
LaToya Forever,38355,1
The Pet Collective,38257,1
USA TODAY,38183,8
Matt and Kim,38001,1
Just Jared Jr,37812,1
Chicago Sun-Times,37756,2
Jalopnik,37522,1
Lifetime,37447,1
Lucy Moon,37370,2
NASCAR,36932,2
Tryst Network,36744,1
POPSUGAR,36588,1
DamonAndJo,36443,6
Radio Andy,36270,1
FreeDawkins,36028,6
CrashCourse,35892,1
Bret Baier,35891,1
Campo Santo Productions,35817,1
Henry Prince Mak,35704,1
Townsends,35655,2
The Unipiper,35372,1
Billy Graham Evangelistic Association,35053,1
Sports Illustrated,34997,1
Popular Woodworking,34650,1
Dylan Locke,34551,1
Mark Ferris,34138,1
CityNews Toronto,34133,1
RachelPlattenVEVO,33887,1
Huxley Berg Studios,33856,1
Invisible People,33685,1
Toyota USA,33447,1
Andy Grammer,33315,1
Whyte Foxx Music Videos & More,33285,1
K Yuen,33260,1
Smyang Piano,33211,1
TNT,33114,2
ATPWorldTour,33042,1
Paul Sellers,32987,1
Nicki Shields,32749,1
mittromney,32662,1
"One List , One Life",32385,1
MOBO Awards,32219,1
SKITTLESbrand,32090,2
Us Weekly,31829,1
Chriselle Lim,31765,1
Tony Berza,31576,1
marjolijn2,31145,1
Darren Criss,31034,1
Big Cat Rescue,30576,1
nothorwitzer,30550,1
DragTimes,30484,1
Marco Reps,30456,2
Lawrence Livermore National Laboratory,30361,1
ClovesVEVO,30260,1
Tom Daley,30181,2
Domain of Science,30134,1
Kacey Musgraves - Topic,30096,1
TrainVEVO,30021,1
Tyler Stalman,29822,2
CFL Insider,29733,1
52 Skillz,29469,1
Freedom of the Press Foundation,29301,1
LexusVehicles,29017,1
Theme Park Review,29017,1
CYNVEVO,28983,1
FloSports,28954,1
Mr Ben Brown,28731,1
Recode,28626,1
Guinness World Records,28539,1
The Scran Line,28463,8
Zach Simmons,28371,1
Benn and Gear,28266,1
Amanda Palmer,28129,1
Kayley Melissa,28127,3
Mom Will Be Proud,27982,1
Cleveland Cavaliers on cleveland.com,27943,1
David Steuer,27779,1
Tony Baker Comedy,27499,1
Mental Floss,27342,5
Topi The Corgi,27245,2
Movie'n'co UK,27234,1
Funny Or Die,27080,3
BrianJustinCrum,27010,1
Pixielocks,27004,3
Highsnobiety,26906,1
NASA,26527,1
Torm place,26495,1
Shade 45,26393,1
Björk,26304,1
StoryCorps,26282,1
Tim Barrett,26185,1
PekingDukVEVO,26117,1
Bini the Bunny,26102,1
Michael Callaghan,26096,1
KFlayVEVO,26093,1
Amazon.co.uk,26000,1
NitroV2,25923,1
shoaib246,25796,1
Hannah Witton,25780,1
blvck King,25383,1
Daily Davidsons,25211,1
startelegramvideo,25108,1
The Royal Ocean Film Society,25096,1
David Jardine,25084,1
DrMachakil,25082,1
The CGBros,24543,1
Maddie Lymburner,24530,1
lugeyps3,24492,1
XFL,24203,1
Ryan Northover,24200,1
fuzywazacolin,23889,1
Writers Guild of America East,23866,1
Rise,23819,1
Humble Design,23634,1
King Princess,23506,1
Adult Swim UK,23468,1
Song Of Style,23405,1
Los Angeles Times,23360,2
Monster Cable Products,23308,1
Kingsley,23187,1
Will Darbyshire,23116,1
Catch-Up TV,23049,1
Smequle,22835,1
Birdbox Studio,22695,1
American Bridge 21st Century,22690,1
LaMadelynn,22690,3
Empire,22659,1
Wallows,22580,1
RocketJump Film School,22294,1
GohmertTX01,22283,1
Channel 4,22231,1
Bloomberg,22195,1
The Angie Martinez Show,22108,1
Máquina Voadora,22090,1
Commercials Funny,22034,1
melodysheep,21953,1
Nathan C,21723,1
StudiocanalUK,21573,1
Marteen Estevez,21437,1
Hunter Hayes,21416,3
rock on,21361,1
Al Jazeera English,21358,5
Twin Shadow,21254,1
WildTurkeyBourbon,21194,1
Navenanthen Gepardieu,21063,1
Fox Business,20955,1
KFC,20740,1
Hollyscoop,20612,1
Karim Jovian,20566,1
Momentum Pictures,20281,3
JackJohnsonVEVO,20200,2
Honda,20188,1
Barstool Sports,20063,1
mvt.ias,19744,1
cgriesemer,19703,1
Rainer Hilland,19575,1
greyson97,19561,1
Pac-12 Networks,19333,1
The Tommy Edison Experience,19261,1
Barcroft Animals,19109,2
Blurred Culture,19048,1
Genuine Survival Research Labs,19006,1
Strange incident,18985,1
ladygagaarraza,18916,1
David Windestal,18744,1
TimandFaithVEVO,18346,1
SIRAH,18317,1
PhakeNam,18264,1
Tom Thum,18229,1
The Atlantic,18176,3
ELLEUKTV,18032,1
MK Dons,17987,1
42Fab - Metalworking and Multi-Medium Fabrication,17812,1
Lamborghini,17746,1
NOLA.com,17627,1
Turbo Conquering Mega Eagle,17592,1
Onur Altuğ Sever,17273,1
Royal Academy of Arts,17164,1
Mustache Wax,16690,1
Apple Support,16553,2
Violin MD,16370,1
LetsGoWarriors,16305,1
MovieAccessTrailers,16287,1
Senator Chris Murphy,16080,1
Star Wars Coffee,16031,1
XenonJohn,15745,1
Official Charts,15672,1
Kat Cunning,15570,1
pjmorton,15495,1
astroboy1960,15382,1
RealNewsNetworkMedia,15355,1
Matoma,15353,1
Whitney Avalon,15307,1
SHOWTIME Sports,15232,1
The Sports King,15117,1
hudsonunionsociety,15058,1
Vat19Nvjds,14967,1
The Ringer,14865,1
MiddleKidsVEVO,14839,1
nickjonas,14727,1
Loudwire,14645,1
X Games,14513,1
Sports Lovers n1,14376,1
KISS FM UK,14086,1
DreamCastle_629,14071,1
Sound Bites,13845,1
toofacedcosmetics,13747,1
Emma Massingale,13670,1
Seonkyoung Longest,13596,1
Function,13564,1
Healthcare Triage,13384,2
J.J. McCullough,13205,1
First Aid Kit,13128,1
FOX,13125,3
Syracuse Orange,12994,1
RetroManCave,12964,2
WGA West,12963,1
FerrasVEVO,12866,1
Philadelphia 76ers,12831,1
Feelunique,12790,1
MrTreknation,12769,1
Technomanila,12649,1
CBS Philly,12621,1
Blockbuster,12609,1
郭韋辰,12594,1
Billions,12523,1
Charles Chan,12515,1
BeyondSlowMotion,12468,1
The Players' Tribune,12352,1
Video Library,12212,1
BUILD Series,12166,3
DopeBoyTroy,12100,1
Audience Network,11807,1
Stefany Gonzalez,11630,1
WTHR,11484,1
gamelovercommercials,11204,1
Topic,11054,1
AmandaMoor & Craft Ideas,11028,1
Represent.Us,11023,1
Hak5,10914,1
greeenpro,10909,1
Rachelleea,10881,1
RihannaNavyVevo,10754,1
Bob Przybylo,10720,1
Dish Nation,10640,1
WE tv,10634,2
Freemeo,10559,1
E! News,10544,3
Crusoe the Celebrity Dachshund,10521,1
Business InsiderAu,10477,1
gzumwalt,10386,1
World Eyes,10358,1
Kanimuna Kisaka,10283,1
Amarullah Rizky,10186,1
Ford Europe,10020,1
Associated Press,10013,8
Max Hertan,9977,1
SR Trailers and Interviews,9812,1
IGN News,9722,2
Fontgod,9666,1
Kelly Eden,9567,1
NIXOLAS,9510,1
CBS Chicago,9489,1
TraceyThornVEVO,9395,1
Outback Steakhouse,9387,1
JimBrowski 96HourNews,9132,1
Braxen McConnell,9094,1
Mark Linsangan,9036,1
Business Insider UK,9023,3
BenTheBondsman,9015,1
Elvis Duran Show,8941,1
Kraft Brand,8750,1
Disneyland Experience,8696,1
NoahKahanVEVO,8690,1
NFL World,8440,1
Persil ProClean,8300,1
LecraeVEVO,8285,1
Maker's Box,8219,1
Mike Olbinski,8177,1
ROME REPORTS in English,8128,1
legofreedom1,8116,1
Hybrid Network,8088,1
Davey Swatpaz,8014,1
Freeform,7978,1
TheUnlockr,7973,1
Sriram Murali,7938,1
Huw Parkinson,7658,1
Crafty Panda,7638,1
Marie McGann,7432,1
Dean Anderson,7325,1
The University of Chicago,7188,1
revlon,7130,1
Shawn,7036,1
WQAD News 8,6982,1
Bloomberg Politics,6979,1
WLKY News Louisville,6685,1
Gregg Peterson,6684,1
Rebel Wilson,6624,1
Rainsford,6593,1
lugnutsoldcrap,6491,1
Stewart Brand,6412,1
FRANKIEmusicVEVO,6383,1
Trevor Wallace,6335,1
Science vs Cinema,6320,1
MARIO TESTINO,6271,1
DKDKTV,6179,1
edlover4real,6172,1
I'm With Her,6148,1
Viral Paws,6018,1
Spectrum Haleskarth,5997,1
MassLive,5938,1
Flash Rahbbit,5925,1
Prince Marcus,5876,1
NBA on ESPN,5813,1
Must Love Science,5775,1
Famous Celebrities Snaps,5751,1
Rock & Roll Hall of Fame,5625,1
Taylor Alexander,5584,1
SiriusXM,5488,1
Joshua Levin,5391,1
cicigoodies2011,5270,1
Tegan and Sara,5258,1
Red Bull Records,5226,1
CNLohr,5224,1
Nahre Sol,5149,1
Aerie,5144,1
LOFTON SHAW,5119,1
MILCK,5092,1
Tamika Hall,4970,1
Unique Vibes,4938,1
Caterham Cars,4850,1
Skelly Robot,4767,1
Quad9 DNS,4759,1
Geoff Mallinson,4681,1
NWSSanDiego,4636,1
Car Commercials of the Past,4631,1
Electron Dust,4610,1
Plasma Channel,4602,2
Any rubbish,4596,1
D3sports.com,4569,1
CyclingTips,4562,1
Madmorda,4541,1
Slednecks,4442,1
Milkmen Design,4387,1
UCAN Zippers USA,4321,1
JanPaul123,4253,1
Sport Hub,4206,1
Oceana,4178,1
Sieuwe Elferink,4168,1
Masters Of The Sun,4143,1
Summit,4009,1
iDB,3939,1
"monday.com, formerly dapulse",3931,1
John Varvatos,3917,1
Clark Zhu,3888,1
TDAmeritrade,3831,1
VideoGameAds,3791,1
Thomas Sebastian,3788,1
Eric Strebel,3783,3
FlyFastandLow,3748,1
IsraeliPM,3741,1
Billboard News,3696,1
FrownsUpsideDown,3644,1
AFP news agency,3634,1
Republican News Watch,3596,1
Context Information Security,3595,1
Carlos Campos,3551,1
NARLtv,3545,1
YBF Chic,3455,3
Chris Sturgeon,3438,1
Maggie Smith Kühn,3411,1
Entertainment Weekly,3404,2
The Current Source,3391,1
daronjay,3390,1
Desktop Makes,3390,1
Kerry Wong,3345,1
Radio Physics and Electronics,3287,1
iotexpert,3221,1
New York Magazine,3154,1
Grist,3133,1
CIRCUITBEARD,3114,1
East Idaho News,3077,1
reputationswift,3006,1
CMT,3003,1
NOVA's Secret Life of Scientists and Engineers,2992,1
Ross Kempsell,2975,1
HOTSPOTATL,2929,1
FacelesswithEyesOpen,2896,1
Voicebot,2869,1
vnbreyes,2863,1
The Sydney Morning Herald,2785,1
F Milburn,2612,1
Voltfolio,2604,1
WhatsApp Wacky,2585,1
DaHoopSpot Productions,2493,1
negermano,2492,1
VOsprey22,2460,1
Taras Malyar,2421,1
Atlanta Hawks,2394,1
Kevin Stein,2302,1
HACKADAY,2287,4
Steve Kovach,2259,1
Bee Ly TV,2234,1
Rob Andretti,2197,1
Saved By The Max,2078,1
Penguin Books South Africa,2075,1
Tentmaker Pictures,2068,1
National Safety Council,1967,1
The Nocturnal Alchemist,1833,1
Kevin Rabatin,1820,1
CHauserable,1807,1
Na So We See Am,1762,1
Total Combat,1722,1
Josh Levine,1719,1
The Scam On Demand,1591,1
Pies Are Awesome,1515,1
John Sellars,1480,1
Define American,1456,1
DraftExpress,1432,1
dekuNukem,1425,1
Michael Rigsby,1415,1
littleBits Electronics,1387,1
Sarasota Police Department,1338,1
Facelesstech,1237,1
9-1-1 on FOX,1172,1
Cleveland Browns,1164,1
taalk com,1107,1
J Gasser,987,1
Ben Rohrbach,945,1
Single Shot,920,1
University of Rochester EEOC Complainants,884,1
Newsy,818,2
OjO Commuter Scooter by OjO Electric,789,1
90s Commercials,773,1
GoDucksdotcom,687,1
Palo Alto Online,658,1
